participant_id,event_id,name,email,phone,registration_date,payment_status
P001,E001,John Doe,john@email.com,555-0101,5/10/2023,Paid
P002,E001,Jane Smith,jane@email.com,555-0102,5/12/2023,Paid
P003,E002,Alex Brown,alex@email.com,555-0103,6/1/2023,Pending
P004,E003,Sarah Lee,sarah@email.com,555-0104,7/15/2023,Paid
P005,E002,Daniel Khan,daniel@email.com,555-0105,6/3/2023,Paid
P006,E004,Ayesha Noor,ayesha@email.com,555-0106,8/20/2023,Pending
P007,E005,Michael Chan,michael@email.com,555-0107,9/5/2023,Paid
P008,E006,Fatima Raza,fatima@email.com,555-0108,10/12/2023,Paid
P009,E001,Omar Bashir,omar@email.com,555-0109,5/14/2023,Pending
P010,E007,Emma Wilson,emma@email.com,555-0110,12/1/2023,Paid
P011,E007,sufyan,suftan@gmail.com,033345,05/01/2025,Paid
P012,E001,saif,sa,0222,05/01/2025,Paid
P013,E001,saif,saif@gmail,92321,05/07/2025,Paid
